t,V,N,m,h
0.0,0.0,0.3176769140606974,0.05293248525724958,0.5961207535084603
0.1,0.96932208717358,0.3178150377719482,0.05406680909432553,0.5959176810934679
0.2,1.8877825101247023,0.318221539707991,0.05691122378800835,0.5953155364206457
0.3,2.7686338373458272,0.3188868389973411,0.060910045834777805,0.5943210227120908
0.4,3.6237671492648937,0.3198041616936721,0.0657508118597826,0.5929359707174698
0.5,4.465171891389678,0.320969737786684,0.0712665214576782,0.5911570288774446
0.6,5.30588348606819,0.3223833218891789,0.07738520288129401,0.5889746837799545
0.7,6.160902939891998,0.32404901579009604,0.08410529960090586,0.5863715989180572
0.8,7.0483837976774515,0.32597648430838355,0.09148688645559788,0.5833200420675069
0.9,7.991400063704456,0.3281827722838302,0.09965482501970879,0.5797779065846301
1.0,9.020777308956541,0.33069510944595437,0.10881408274178336,0.5756823847087673
1.1,10.17986264516112,0.3335554183638822,0.11928163826854991,0.5709394839169898
1.2,11.532960853589943,0.3368278954073652,0.13154583225402317,0.5654057675983365
1.3,13.181110059059288,0.34061246740139234,0.14637690423524763,0.5588545660015565
1.4,15.293480900692373,0.3450702015441834,0.16504089579193837,0.5509090278650752
1.5,18.174653898960294,0.3504750741117243,0.18973907940468637,0.5408988093892685
1.6,22.420598905547863,0.3573290997871795,0.22457428391587345,0.5275328942526543
1.7,29.304690960874815,0.3666426532591347,0.27779406103091975,0.508189724753441
1.8,41.68720531056073,0.38064342022271613,0.36660627936714013,0.4784662113354567
1.9,64.58682800116128,0.4040939088225279,0.5186715731117134,0.438188328708481
2.0,93.30774533699696,0.44225901820812524,0.719423359051208,0.3969569568844127
2.1,104.7769056948233,0.4890592892014252,0.8676609240403403,0.3592409107499576
2.2,104.54455362011446,0.5337472734646899,0.9398452017689616,0.32509547049098786
2.3,101.80538096316546,0.5734558235678646,0.9716411873937101,0.29420429889511074
2.4,98.08143785995189,0.6081479111923601,0.9855257743822342,0.2662638663652592
2.5,93.71333190129097,0.6381689940213031,0.9914832711478189,0.24099994290433913
2.6,88.92041794186225,0.6639446231298428,0.9937630578395428,0.21816697799592896
2.7,83.87876850048202,0.6859160996790027,0.9941345027085121,0.1975467295056183
2.8,78.72635295583488,0.7045088752987003,0.9932802399573998,0.17894725358999652
2.9,73.56498298705674,0.7201149043589091,0.9913785456534763,0.16220232387845612
3.0,68.46453262074688,0.7330841467965349,0.9883419172317252,0.14717121104761516
3.1,63.46858153733423,0.7437221664323846,0.9839092541103713,0.1337386540975878
3.2,58.60020016791959,0.7522914799831745,0.9776741318761544,0.12181471007912155
3.3,53.866906288590684,0.7590149238893348,0.9690840538816828,0.1113339642636587
3.4,49.263988142531815,0.7640797871954809,0.9574259083634039,0.10225338203506328
3.5,44.77534619468654,0.7676417374176879,0.9418037434736292,0.09454812486347493
3.6,40.37093378386873,0.7698276569465455,0.9211077877606337,0.08820535304177518
3.7,36.000156063320375,0.7707365265166968,0.8939635619446287,0.08321763253654475
3.8,31.581542077731637,0.7704376658486812,0.8586362742804271,0.0795793475989169
3.9,26.990931522964043,0.7689662727814288,0.8128566607933401,0.07728977653867744
4.0,22.055153401192836,0.7663177887215662,0.753560274124761,0.07636447533309744
4.1,16.57322561793982,0.7624464827726632,0.6766941100376679,0.07685496030911654
4.2,10.426031722218859,0.7572822766902036,0.5778490590855988,0.07887827688547835
4.3,3.868191580067183,0.7507906823731104,0.4559351005617761,0.08264573975103343
4.4,-2.143966261194129,0.7430826473590318,0.3218929249045453,0.08839239809581276
4.5,-6.406964961757842,0.7344837366746153,0.20194030133775356,0.09606049624661944
4.6,-8.678192490441774,0.7254212722276052,0.11741773691752896,0.10508483153686321
4.7,-9.645057096204326,0.7162268142019041,0.06780948147954005,0.11476065387215767
4.8,-9.99000346135771,0.7070773295959559,0.041490231872108936,0.12462589385663798
4.9,-10.076592824828811,0.6980486710021092,0.028174027431916687,0.13446309292097117
5.0,-10.058825968546326,0.6891699172307157,0.021598933401946286,0.14418359542050072
5.1,-9.997363706839371,0.6804512479387623,0.01841900089043213,0.1537530519089781
5.2,-9.915938781845165,0.6718954806828864,0.016932321760136298,0.16315854080857578
5.3,-9.824011972313365,0.6635025569736117,0.016289497277889406,0.17239556600598574
5.4,-9.725456758105274,0.6552712825279435,0.01606959606562742,0.18146301193938755
5.5,-9.62190093533013,0.6472000165158523,0.016064485815578313,0.1903611572254262
5.6,-9.514042047972357,0.6392869525311357,0.01617128790978608,0.1990908709775725
5.7,-9.402180897099946,0.6315302365616717,0.01633915679317626,0.20765327747325513
5.8,-9.286445158451617,0.6239280178104533,0.016543001193783692,0.2160496118781892
5.9,-9.166886285149095,0.6164784708798997,0.016770506146605958,0.22428115653978722
6.0,-9.043523115567353,0.6091798053922878,0.017015714144835284,0.23234921219478913
6.1,-8.91636211810143,0.602030269822824,0.017275843357101195,0.24025508497896794
6.2,-8.785407095271283,0.5950281525729644,0.017549704937191463,0.24800008077895785
6.3,-8.65066426156971,0.5881717818105558,0.017836915085347935,0.25558550277131376
6.4,-8.512144665181042,0.5814595244749587,0.01813749798028453,0.2630126509428752
6.5,-8.369865757037202,0.5748897850558058,0.018451688338427617,0.27028282206609844
6.6,-8.223852151909902,0.5684610040596311,0.01877982977934213,0.27739731025643716
6.7,-8.074136092517678,0.5621716563533679,0.01912232269509343,0.28435740764672957
6.8,-7.920757857882844,0.5560202495016122,0.019479599044393968,0.29116440491974993
6.9,-7.763765844954003,0.5500053219209292,0.019852106500553433,0.2978195920637713
7.0,-7.6032166750188335,0.5441254410468911,0.020240300650930364,0.30432425893344967
7.1,-7.4391752586102395,0.5383792014856398,0.020644640980605655,0.31067969568922066
7.2,-7.271714736168506,0.5327652230917866,0.02106558731901466,0.3168871932393272
7.3,-7.100916357760067,0.5272821490113119,0.021503596844267912,0.32294804361091184
7.4,-6.926869348048579,0.5219286437310625,0.021959122217356773,0.32886354018479097
7.5,-6.749670720782188,0.5167033911169902,0.02243260989706466,0.33463497784579876
7.6,-6.569425026741662,0.5116050924310103,0.022924498145433573,0.340263653084691
7.7,-6.386244055592608,0.5066324643475859,0.02343521506815807,0.3457508640290379
7.8,-6.200246492316255,0.5017842369771232,0.02396517666605873,0.35109791041049065
7.9,-6.011557528982196,0.4970591519034924,0.024514784883375464,0.35630609347684233
8.0,-5.820308433170319,0.4924559602435819,0.025084425650139384,0.3613767158573677
8.1,-5.626636074866674,0.4879734207373496,0.025674466924104283,0.36631108138979296
8.2,-5.430682414141086,0.4836102978773756,0.02628525674415343,0.3711104949169341
8.3,-5.232593952360234,0.47936536008739183,0.026917121312415485,0.3757762620605618
8.4,-5.032521150099293,0.475237377959676,0.02757036312673929,0.38030968897941286
8.5,-4.8306178152886465,0.4712251225615214,0.028245259188668638,0.3847120821174821
8.6,-4.627040465470071,0.4673273638212213,0.028942059314507284,0.3889847479478115
8.7,-4.421947668337792,0.4635428690041139,0.029660984578318946,0.3931289927159618
8.8,-4.215499365000841,0.45987040128921286,0.030402225915616227,0.3971461221862205
8.9,-4.0078561806192665,0.45630871845679216,0.031165942914873568,0.40103744139239195
9.0,-3.79917872722781,0.45285657169698773,0.031952262820492114,0.4048042543937517
9.1,-3.589626903651648,0.4495127045490521,0.0327612797644615,0.40844786403542654
9.2,-3.379359197401851,0.4462758519803858,0.033593054231817826,0.4119695717110773
9.3,-3.1685319932150735,0.44314473961400963,0.03444761273827376,0.4153706771241801
9.4,-2.957298892337646,0.4401180831107415,0.0353249477142567,0.41865247804575834
9.5,-2.7458100449682292,0.43719458769137953,0.03622501825139245,0.4218162700940397
9.6,-2.5342115121568907,0.4343729478435697,0.037147751049974566,0.42486334647030854
9.7,-2.3226446570958696,0.431651847212349,0.03809304125136224,0.4277949976534027
9.8,-2.1112455542010053,0.4290299586684479,0.039060752603023795,0.43061251105785336
9.9,-1.900144422559123,0.4265059445087596,0.040050718890529524,0.43331717071734654
10.0,-1.6894651511303873,0.42407845675950123,0.04106275231917308,0.4359102570188522
10.1,-1.4793247928712616,0.42174613790632376,0.04209663678158858,0.43839304602031953
10.2,-1.2698331040969972,0.4195076215399387,0.04315213222281951,0.44076680907788485
10.3,-1.0610922525673432,0.41736153318575275,0.044228986580372304,0.443032812358809
10.4,-0.8531963921780606,0.41530649145756704,0.04532692891217644,0.4451923160553342
10.5,-0.6462313711497085,0.4133411092166785,0.04644567532805216,0.44724657372478455
10.6,-0.4402745233095185,0.4114639948899387,0.047584936139158665,0.4491968315100123
10.7,-0.23539444616356014,0.40967375396097777,0.04874441817480089,0.45104432721708193
10.8,-0.03165081926619281,0.40796899056706687,0.04992382785251453,0.4527902893209721
10.9,0.17090571162640933,0.40634830920121406,0.05112287647076832,0.4544359358827092
11.0,0.3722336214316388,0.40481031652226884,0.052341284906196765,0.45598247335484166
11.1,0.5723005596170592,0.40335362325844903,0.05357878845525402,0.45743109527878106
11.2,0.771083385968661,0.4019768461942044,0.05483514132211465,0.4587829808725138
11.3,0.9685681741448364,0.4006786102317001,0.05611012180722553,0.4600392935029849
11.4,1.1647502052800547,0.39945755051898446,0.05740353728661879,0.46120117904028485
11.5,1.3596339502005605,0.39831231463884426,0.05871522943014035,0.46226976408713283
11.6,1.553233050982936,0.39724156485307227,0.06004507949743571,0.4632461540781622
11.7,1.7455703088389989,0.3962439803994097,0.06139301378570324,0.4641314312405785
11.8,1.9366776873690448,0.39531825983992314,0.06275900924207352,0.4649266524066999
11.9,2.126596340473711,0.3944631234627477,0.06414309929068825,0.4656328466655645
12.0,2.3153766751763487,0.3936773157416095,0.06554537992691511,0.4662510128380467
12.1,2.5030784605798373,0.3929596078607891,0.06696601614495776,0.4667821167561081
12.2,2.689770995096786,0.39230880031684406,0.06840524878756511,0.46722708832223103
12.3,2.875533345523651,0.39172372561241986,0.06986340192051152,0.467586818319796
12.4,3.060454673000349,0.3912032510621178,0.07134089086016003,0.4678621549387366
12.5,3.2446346629229907,0.39074628173559256,0.07283823100541445,0.4680538999733079
12.6,3.4281840782572868,0.39035176356908036,0.07435604765694445,0.46816280463979626
12.7,3.6112254587701993,0.39001868668349843,0.07589508704130812,0.4681895649513164
12.8,3.793893992500014,0.3897460889554103,0.07745622880101277,0.46813481657398337
12.9,3.976338589347364,0.38953305989617065,0.0790405002766166,0.4679991290742334
13.0,4.158723192594083,0.3893787449093497,0.08064909300504083,0.46778299944333973
13.1,4.341228379512888,0.3892823500022029,0.08228338171625206,0.46748684477444463
13.2,4.52405329951683,0.389243147049711,0.08394494650088805,0.467110993930804
13.3,4.707418016706461,0.3892604797304345,0.08563559882520826,0.4666556780088245
13.4,4.891566338973075,0.38933377027564764,0.08735741219581282,0.46612101936137185
13.5,5.07676923534315,0.38946252720553964,0.08911275849256017,0.4655070188920029
13.6,5.26332896843759,0.3896463542649404,0.09090435123730022,0.4648135412646471
13.7,5.451584088248279,0.38988496081607216,0.09273529748124236,0.46404029759688253
13.8,5.6419155087527795,0.3901781740230446,0.09460916019923234,0.46318682507060793
13.9,5.834753921856034,0.3905259531939051,0.09653003336026003,0.4622524628373368
14.0,6.030588868379103,0.3909284068128618,0.09850263335419171,0.46123632331351205
14.1,6.229979905638118,0.39138581290040697,0.10053241081649474,0.46013725777302833
14.2,6.433570432710371,0.3918986435136401,0.10262568825932192,0.4589538148397348
14.3,6.642104856134364,0.3924675944006535,0.10478983069166034,0.4576841901306719
14.4,6.856450176132581,0.39309362118724117,0.10703345802899987,0.45632616464975445
14.5,7.0776232252364695,0.3937779837391533,0.1093667111136202,0.45487702905941796
14.6,7.306825428812244,0.39452230121458526,0.11180158949855508,0.45333348942694135
14.7,7.545487534025323,0.3953286208789605,0.11435238358587871,0.4516915490103874
14.8,7.795327570436511,0.3961995047799155,0.11703623228458036,0.44994635879323197
14.9,8.058427037015884,0.397138139879256,0.1198738472382702,0.44809202669703146
15.0,8.33733216312124,0.39814847978035617,0.12289046765738078,0.44612137079256015
15.1,8.63519089181606,0.3992354301574658,0.1261171421049611,0.44402559444871686
15.2,8.95593947768848,0.4004050928987283,0.12959246056971652,0.4417938555933371
15.3,9.304559262236577,0.4016650892724818,0.13336490191278336,0.43941269191390664
15.4,9.687447639560967,0.4030250095804199,0.13749619525718043,0.4368652133840158
15.5,10.112942803594391,0.4044970237626256,0.14206599407762147,0.43412999309639616
15.6,10.59210087992568,0.4060967502087382,0.14717872952119115,0.43117946912896266
15.7,11.13987757854312,0.40784451854478776,0.15297380546923114,0.42797758453744544
15.8,11.776953346281031,0.4097672342394806,0.1596410630468927,0.4244762389105047
15.9,12.532660848219294,0.411901235939055,0.1674450595248018,0.42060973367250165
16.0,13.44985842602453,0.41429682990715067,0.17676444227987922,0.41628573215605513
16.1,14.593353774327362,0.41702576317626017,0.18815804602775044,0.41136992007271667
16.2,16.065158327053474,0.4201941411069669,0.20248056630006706,0.4056586152899107
16.3,18.03351076333488,0.4239659786571078,0.22109410661415999,0.3988271859271128
16.4,20.790991775226967,0.4286087846663868,0.24627250634929865,0.3903282163681323
16.5,24.875786035620447,0.4345874165849626,0.28200036428217895,0.37918978411393545
16.6,31.32215116618328,0.44276543240890753,0.3355145945927191,0.3636978127098901
16.7,42.06522186067886,0.4548137344895192,0.4194905290484001,0.34161411762236915
16.8,59.588371291768354,0.47368250828618713,0.5489774821231141,0.31342981753712806
16.9,81.10000631037072,0.5022088462104564,0.7114160802465825,0.28432905918410195
17.0,93.84805158723363,0.5377900403790463,0.8457548148096108,0.2574086006910891
17.1,95.69794643228059,0.5735989692043297,0.9224657157206697,0.23298936390010594
17.2,93.13029755375072,0.606029719289715,0.9599349501655066,0.21089634173272853
17.3,88.99564593440365,0.634357599490008,0.977512082374026,0.19092538438501033
17.4,84.13565310996064,0.6586946942867198,0.985435173896033,0.17288906791938433
17.5,78.92551507732777,0.6793622324437925,0.9884248951070147,0.15662217562311595
17.6,73.59018942490185,0.6967330744181037,0.9885296399629274,0.14198261839996634
17.7,68.27093986352472,0.711174928985742,0.9865236407162156,0.1288518851788174
17.8,63.05198411128815,0.7230256186195736,0.9825355136102751,0.11713542479343117
17.9,57.97785310888098,0.7325834445903631,0.9763200510955083,0.10676267346907617
18.0,53.06587078437159,0.7401054520526086,0.9673693152626942,0.0976861164553505
18.1,48.314266170687894,0.7458095300736284,0.9549516649834237,0.08987856456306616
18.2,43.705670435808926,0.7498777593440012,0.938117614545101,0.08332801928186222
18.3,39.205609620424916,0.7524591767259272,0.9156851780712685,0.07803058027434531
18.4,34.756108000556566,0.7536706031795162,0.8861976063745819,0.07398385931771054
18.5,30.265869799070128,0.7535947930326846,0.8478294013893339,0.07118503412787935
18.6,25.600894480838132,0.7522762896523039,0.798213963336787,0.0696370231206816
18.7,20.58515487630063,0.7497175486414315,0.7342191851390872,0.0693634748694843
18.8,15.038327489797243,0.7458824738121602,0.6519307066738631,0.07043189135418645
18.9,8.913974809316702,0.7407230241807502,0.5478262456741854,0.07298415300660631
19.0,2.5940511418964207,0.7342494898299103,0.4233562077838991,0.07724963250237642
19.1,-2.926803372831771,0.7266308921013558,0.292900229633894,0.08342709234126058
19.2,-6.677638064149233,0.7182206171689718,0.18196287834005986,0.09137094795423187
19.3,-8.65128981964686,0.7094195646309744,0.10635163822212547,0.10050188082680951
19.4,-9.508903643184597,0.700517011074399,0.06245945419119006,0.11018957997701949
19.5,-9.82638384187005,0.6916652772929093,0.03913080331769086,0.12003497958361388
19.6,-9.908814733013745,0.6829315544914745,0.027254589036369407,0.12984609568793593
19.7,-9.890506575064617,0.6743429931194724,0.021352732991365492,0.13954063467301134
19.8,-9.827390303107775,0.6659097944632976,0.0184862985238903,0.149084697058894
19.9,-9.742724131613375,0.6576351614131892,0.017148245889806856,0.15846463721221787
20.0,-9.646369405559255,0.6495193877417879,0.016579685547730347,0.1676752838418241
20.1,-9.54261807484906,0.6415615419406081,0.01640112174370287,0.17671508197699146
20.2,-9.433388625094386,0.6337601751218318,0.016423197041744452,0.18558406083536605
20.3,-9.319559534470239,0.6261136267797711,0.01655145354476257,0.19428296230104408
20.4,-9.201541237553306,0.6186201605391041,0.01673877528259945,0.2028128564502365
20.5,-9.079528885904805,0.6112780258842763,0.016961696321250778,0.21117496712090167
20.6,-8.95361760414833,0.6040854867090956,0.01720859476275457,0.21937059063366612
20.7,-8.823856566585878,0.597040834446084,0.017473800443121558,0.22740105723891213
20.8,-8.690275238571383,0.5901423938806845,0.017754646135373458,0.2352677125317073
20.9,-8.552896543835805,0.5833885253751621,0.018049987439745466,0.24297190846708877
21.0,-8.411743578886094,0.5767776252053197,0.018359456338769255,0.2505149992431201
21.1,-8.26684323181356,0.5703081249596641,0.018683083422760288,0.25789833948932867
21.2,-8.118228228470599,0.5639784904423927,0.019021106525075902,0.2651232835782344
21.3,-7.96593811954715,0.5577872201603771,0.019373870099245176,0.27219118576677953
21.4,-7.810020032176139,0.5517328437674287,0.01974177575140859,0.2791034003080734
21.5,-7.6505290033377555,0.5458139203162841,0.02012525494036958,0.28586128183457804
21.6,-7.487528099708155,0.5400290363996786,0.020524753164392562,0.2924661858170355
21.7,-7.321088524393351,0.5343768043060887,0.020940722401794707,0.29891946884489207
21.8,-7.151289594223176,0.5288558601116184,0.021373616097630672,0.3052224888984124
21.9,-6.978218627473343,0.523464861728619,0.021823885434031725,0.31137660557709046
22.0,-6.80197077129633,0.5182024869326943,0.022291976416810876,0.31738318025260204
22.1,-6.622648779151465,0.5130674313804532,0.022778327502181915,0.3232435761397212
22.2,-6.44036274876416,0.508058406634199,0.02328336771298259,0.32895915827372185
22.3,-6.255229798207813,0.5031741381790652,0.023807514565134087,0.3345312934415503
22.4,-6.067373693929268,0.4984133634493055,0.024351172008262208,0.3399613500565038
22.5,-5.8769244343844615,0.4937748298733833,0.024914728392406767,0.3452506979813063
22.6,-5.684017791250817,0.4892572929463259,0.025498554451946005,0.3504007083080967
22.7,-5.488794810549278,0.4848595143382885,0.026103001310116346,0.35541275310377407
22.8,-5.291401276391504,0.48058026004873733,0.0267283985158041,0.3602882051288242
22.9,-5.091987140443543,0.47641829861606666,0.027375052130159953,0.3650284375372479
23.0,-4.890705920555087,0.4723723993927925,0.02804324288475313,0.3696348235645249
23.1,-4.687714072335555,0.4684413308967174,0.028733224435690662,0.3741087362096979
23.2,-4.483170337758293,0.46462385924858496,0.029445221739440617,0.3784515479166911
23.3,-4.2772350751359625,0.4609187467067649,0.0301794295758867,0.38266463025887076
23.4,-4.070069575025208,0.4573247503093905,0.030936011242148537,0.38674935362966745
23.5,-3.861835366773028,0.4538406206341334,0.03171509743618576,0.39070708694079864
23.6,-3.6526935204846454,0.4504651006854666,0.032516785340323436,0.3945391973282618
23.7,-3.4428039489594235,0.447196924917372,0.033341137938181976,0.3982470498673752
23.8,-3.2323247120660294,0.44403481839097114,0.03418818375963629,0.4018320073076302
23.9,-3.021411336688198,0.44097749609478404,0.035057916878523464,0.4052954297933948
24.0,-2.810216153618459,0.43802366242677493,0.035950297153698234,0.4086386745789148
24.1,-2.598887652449454,0.43517201083948626,0.036865250644689,0.4118630957370429
24.2,-2.38756985735599,0.4324212236596061,0.03780266985343561,0.4149700438463669
24.3,-2.1764017286511854,0.42976997204412454,0.038762415374813626,0.41796086570941837
24.4,-1.9655166131841522,0.42721691609853507,0.039744319539991704,0.4208369040564509
24.5,-1.7550417359699446,0.42476070525846465,0.04074818667041894,0.42359949708219624
24.6,-1.5450976586702188,0.42239997883405556,0.04177378932617543,0.4262499779631619
24.7,-1.3357979322445341,0.4201333664790538,0.042820884954455476,0.42878967465838297
24.8,-1.127248633113573,0.41795948921013043,0.04388920587153495,0.4312199091098398
24.9,-0.9195480074969722,0.4158769603163793,0.04497846530501646,0.43354199676612476
25.0,-0.712786222877655,0.4138843864500728,0.04608836574554183,0.43575724598140925
25.1,-0.5070450847927361,0.41198036894348306,0.04721859906199172,0.4378669572267005
25.2,-0.3023978076867987,0.41016350521191086,0.048368849314837335,0.43987242228909407
25.3,-0.09890886107500212,0.4084323902720936,0.04953879821154183,0.44177492339729263
25.4,0.10336614769149195,0.4067856183824635,0.05072812976352867,0.44357573224406394
25.5,0.30438056128401625,0.40522178478905785,0.051936534436540754,0.44527610891421227
25.6,0.5040967287894604,0.4037394875625924,0.05316371329494119,0.4468773007196642
25.7,0.702486021398648,0.40233732951401885,0.054409382873327666,0.44838054094058344
25.8,0.8995288272371514,0.4010139201836497,0.055673279798306385,0.4497870474637773
25.9,1.095214521359435,0.39976787789285795,0.056955165722447736,0.45109802131803284
26.0,1.2895414249706991,0.39859783185060355,0.058254832131549486,0.4523146451024787
26.1,1.4825167543869988,0.39750242430861327,0.059572105356396135,0.4534380813029736
26.2,1.6741565710603175,0.3964803127597139,0.06090685159741869,0.4544694704917824
26.3,1.8644857379938262,0.3955301721767128,0.06225898209938798,0.45540992940272707
26.4,2.0535378924097736,0.39465069729058366,0.0636284584397456,0.4562605488732768
26.5,2.241355442849415,0.39384060490972317,0.06501529800609694,0.45702239164175146
26.6,2.4279896008638118,0.39309863628443437,0.06641957969667203,0.45769648998542645
26.7,2.6135004575336556,0.39242355952408053,0.06784144991970119,0.4582838431814476
26.8,2.7979571163746515,0.39181417207766145,0.06928112896882857,0.4587854147684508
26.9,2.981437894798985,0.391269303292298,0.07073891788234866,0.4592021295818862
27.0,3.1640306074059485,0.3907878170695964,0.0722152059299749,0.459534870528686
27.1,3.3458329493352092,0.3903686146422336,0.07371047879154635,0.45978447506334935
27.2,3.526952995734075,0.3900106375002535,0.0752253276506022,0.45995173131706774
27.3,3.7075098379139786,0.38971287050352277,0.07676045941100644,0.4600373738211466
27.4,3.887634380424446,0.3894743452231919,0.07831670826822605,0.46004207875568903
27.5,4.0674703273292545,0.3892941435640673,0.0798950489237884,0.45996645864016406
27.6,4.247175391392347,0.3891714017302141,0.08149661178897515,0.45981105636560804
27.7,4.4269227667681,0.3891053146086639,0.08312270059485524,0.4595763384475994
27.8,4.606902912392081,0.38909514066013196,0.08477481292876626,0.4592626873559515
27.9,4.787325701107887,0.38914020742917727,0.08645466441877125,0.4588703927385767
28.0,4.968423023949799,0.38923991779633765,0.08816421699512193,0.45839964133744127
28.1,5.150451928619642,0.3893937571285776,0.0899057123221879,0.4578505053399407
28.2,5.333698406290022,0.38960130152831207,0.09168171161565203,0.457222928834773
28.3,5.518481971606804,0.3898622274154606,0.0934951432112975,0.4565167119819907
28.4,5.705161216573505,0.3901763227355103,0.09534935968406015,0.45573149240766014
28.5,5.894140543237029,0.3905435001485688,0.09724820693025617,0.45486672322902816
28.6,6.085878405734023,0.3909638126666339,0.09919610784958953,0.45392164692016895
28.7,6.280897425412593,0.3914374722505183,0.10119816384500188,0.4528952641493066
28.8,6.4797968634093,0.39196487214538434,0.10326027962130449,0.45178629626779127
28.9,6.683268120801103,0.39254661388863116,0.10538931739401146,0.4505931398534759
29.0,6.892114048143868,0.393183540121795,0.10759328861009555,0.44931381136683957
29.1,7.107273273664869,0.3938767748200605,0.10988159411668073,0.447945879135034
29.2,7.329851060968634,0.39462777276937056,0.1122653253001883,0.44648637947197944
29.3,7.561158847681662,0.39543838124606684,0.11475764826317117,0.4449317118016446
29.4,7.802765411340161,0.3963109175533787,0.11737429817817452,0.44327750636056373
29.5,8.056563461438554,0.39724826710832944,0.12013422010286935,0.44151845616975377
29.6,8.32485762398131,0.39825400862252763,0.12306040469100317,0.4396481015633346
29.7,8.610482348081492,0.39933257644954373,0.1261809987960686,0.4376585492285931
29.8,8.916962341267485,0.40048947427321746,0.12953080617923754,0.4355401000221903
29.9,9.248732512667766,0.40173155780189385,0.1331533237350543,0.43328075288931406
30.0,9.611442847256791,0.40306741161225873,0.1371035209243913,0.430865537987887
30.1,10.01240854866372,0.40450788495965984,0.14145191021823053,0.42827555844177145
30.2,10.461236203557197,0.40606680593606276,0.14629009924248668,0.42548669804134387
30.3,10.970792006408574,0.4077620432887326,0.1517392881512892,0.42246767333240826
30.4,11.558660567058059,0.40961703233560015,0.15796277669243028,0.41917718641418555
30.5,12.24945050312357,0.4116630823114823,0.16518536531937636,0.41555953630945885
30.6,13.078552625403542,0.41394296632592653,0.1737242399299179,0.41153763304442204
30.7,14.098504607393574,0.4165167182759982,0.1840398420179389,0.4070014115888023
30.8,15.390226043056291,0.41947139706760733,0.19682287106321972,0.4017877147205211
30.9,17.083822794593015,0.4229383808613778,0.21314956974931307,0.39564349328533877
31.0,19.39907095705746,0.4271257547762419,0.2347712117790197,0.38815498683522015
31.1,22.728049475783763,0.43238280923645395,0.2646759172896096,0.3786070030955776
31.2,27.807365801535948,0.4393355563048759,0.3081912955689068,0.36572275349914507
31.3,36.0474168223483,0.44917357612883163,0.3749182825059119,0.34744438254832116
31.4,49.80930467384536,0.46414461813880126,0.4797909155050591,0.322322618080711
31.5,70.17769770887325,0.4875184410396089,0.6296902037158879,0.2935536108087504
31.6,88.6472052425751,0.5200682253593778,0.7848302622641604,0.2659088732400343
31.7,95.25872070496618,0.5562370228684435,0.8895807856689233,0.24069761697282033
31.8,94.35924399775017,0.5903759403065714,0.9439398585312493,0.2178685382655749
31.9,90.84419708407705,0.6206239409384329,0.9699028929060415,0.19722429036529704
32.0,86.26902453772914,0.6467963763128153,0.981940294027174,0.17857175295160765
32.1,81.1800701672674,0.6691359235350515,0.9870808844160924,0.1617380919398061
32.2,75.86857224991445,0.6879975716267742,0.9884783335803817,0.1465730660629887
32.3,70.51505795680113,0.7037549954646275,0.9874374014927131,0.13294966460283245
32.4,65.22994985057586,0.7167622448596649,0.984358528963556,0.12076457767720906
32.5,60.07527170430224,0.7273374486533138,0.9791551404902868,0.10993845455870367
32.6,55.07984771373422,0.735757672728075,0.9714305405802627,0.10041546644677771
32.7,50.24977905248242,0.7422594744805454,0.9605467757875928,0.09216141119308802
32.8,45.574253264853255,0.7470418686285178,0.945644843958775,0.08515957090654791
32.9,41.02634280387027,0.7502695029298205,0.9256402537691342,0.07940420731097368
33.0,36.5586548205886,0.7520744354582637,0.8991955945883396,0.07489329483433019
33.1,32.094704638381344,0.752555450337449,0.8646527185922155,0.07162415848324614
33.2,27.51878180748199,0.7517747502869099,0.8198959018308697,0.0695961394280769
33.3,22.670863833873845,0.7497535341625569,0.7621397966837299,0.06882217862339769
33.4,17.36423872923727,0.7464713304550217,0.6877712736157912,0.06934872916946634
33.5,11.472372124744302,0.7418808132750736,0.5928468766132079,0.07128370803381054
33.6,5.160140403521316,0.7359583804754677,0.4759662958563381,0.0748236767133772
33.7,-0.8173096699736986,0.7287985046759622,0.34539891584362425,0.08020894624645793
33.8,-5.350756788655681,0.7206864199360044,0.22367453762346826,0.08747412609069699
33.9,-7.991673852936375,0.712025652252803,0.13315332977571961,0.09619455846825765
34.0,-9.227311397684346,0.7031615903647819,0.0774953564722653,0.10571091703405683
34.1,-9.720011973390843,0.6942980971071839,0.04700702652567891,0.1155206129069402
34.2,-9.878361670539064,0.6855308567943117,0.031248455416201363,0.12535842633565245
34.3,-9.89303820260493,0.6768998801523403,0.02334056019826975,0.1351061778090457
34.4,-9.844864333795819,0.6684208021764084,0.019457140059887048,0.14471439199674335
34.5,-9.76748356471407,0.6600991060679595,0.01760655227737816,0.154162841351976
34.6,-9.675085688282435,0.6519360568108735,0.01677939240199789,0.1634435457671914
34.7,-9.573802721509265,0.6439311441100326,0.016469458705176795,0.1725537239210431
34.8,-9.466356898302063,0.6360831034571167,0.016423845171743664,0.18149285564073728
34.9,-9.353988030966983,0.6283903537822749,0.016516302957739547,0.19026143098472226
35.0,-9.237273509606132,0.6208511903000595,0.016683807139164883,0.19886040287685258
35.1,-9.11648746437476,0.6134638717228029,0.01689491490785196,0.2072909406988409
35.2,-8.991762932470854,0.6062266605151106,0.01713399307491485,0.21555431631261698
35.3,-8.86316720135167,0.5991378415524129,0.017393346920921968,0.2236518502455339
35.4,-8.730738149935757,0.5921957307056246,0.017669283116922674,0.23158488559772505
35.5,-8.594502037186393,0.585398678351815,0.01796013386901517,0.23935477560105056
35.6,-8.454482754774611,0.5787450704987253,0.018265263439121916,0.2469628774832513
35.7,-8.310706507593322,0.5722333284918341,0.018584563683267833,0.2544105498746941
35.8,-8.163204585354647,0.5658619081745172,0.01891820046505996,0.2616991515242293
35.9,-8.012014661489225,0.5596292984832031,0.01926648062047212,0.268830041218267
36.0,-7.857181708316414,0.5535340199454355,0.01962978560598057,0.27580457780334855
36.1,-7.698758481812147,0.5475746230011939,0.020008536455765398,0.28262412045923196
36.2,-7.536805700133292,0.5417496861692588,0.020403173525696768,0.2892900291468004
36.3,-7.37139217686054,0.5360578142088471,0.020814146330817362,0.2958036649152829
36.4,-7.202594847803796,0.5304976362365769,0.021241907688457497,0.3021663901606332
36.5,-7.030498682809754,0.5250678037843985,0.02168690938306729,0.30837956886981616
36.6,-6.855196534202323,0.5197669888334747,0.022149598957995648,0.3144445667902119
36.7,-6.676788928697154,0.5145938818322675,0.022630417096451125,0.32036275152369637
36.8,-6.495383823152567,0.509547189722672,0.023129795685307295,0.3261354925192954
36.9,-6.311096297732548,0.5046256339569544,0.02364815573884988,0.33176416101624695
37.0,-6.124048198248921,0.4998279485197471,0.024185905316584055,0.3372501299314765
37.1,-5.934367733407924,0.49515287796628,0.024743437477380194,0.3425947736928985
37.2,-5.742189028887168,0.49059917548518983,0.025321128254132595,0.347799468026999
37.3,-5.547651640503486,0.48616560099472733,0.025919334648052194,0.3528655897091878
37.4,-5.35090002909834,0.4818509192816466,0.026538392651485318,0.35779451628517106
37.5,-5.1520830001380995,0.47765389819248466,0.02717861531493812,0.36258762577115594
37.6,-4.951353111384624,0.4735733068872848,0.027840290878797035,0.3672462963400792
37.7,-4.748866052328923,0.46960791416610087,0.028523680993473837,0.37177190600024423
37.8,-4.5447799993884095,0.46575648687877835,0.029229019053515708,0.37616583227182476
37.9,-4.339254951141135,0.4620177884285566,0.02995650867154954,0.38042945186563265
38.0,-4.132452048100717,0.4583905773799728,0.030706322316581023,0.38456414036737124
38.1,-3.9245328817103213,0.45487360618132666,0.03147860013764611,0.388571271929361
38.2,-3.7156587973346427,0.45146562001166396,0.0322734489867838,0.39245221897037524
38.3,-3.505990196039461,0.4481653557617104,0.03309094164750287,0.3962083518830848
38.4,-3.2956858382192484,0.4449715411503317,0.03393111641856107,0.39984103875848065
38.5,-3.084902156562035,0.4418828939896531,0.03479397707808779,0.4033516451145496
38.6,-2.87379258893003,0.43889812161956276,0.03567949304377883,0.4067415336069349
38.7,-2.662506927577166,0.4360159205013636,0.036587599767650206,0.4100120637392187
38.8,-2.451190689257046,0.43323497598267924,0.037518199110424845,0.41316459155626045
38.9,-2.239984507471643,0.43055396222563125,0.03847115990447054,0.4162004693319504
39.0,-2.0290235646493855,0.4279715422499383,0.03944632176199659,0.41912104531387817
39.1,-1.818437079463607,0.42548636823719105,0.04044349681747032,0.42192766330598386
39.2,-1.6083477746895805,0.4230970820561638,0.041462465852976804,0.42462166214737224
39.3,-1.3988714478315467,0.4208023157246939,0.04250298831348044,0.4272043754751414
39.4,-1.1901165896260568,0.41860069225580754,0.04356480397454619,0.4296771311117364
39.5,-0.982183952199113,0.4164908266311264,0.04464762962860828,0.43204125045254055
39.6,-0.7751662801612066,0.41447132681389903,0.04575116862525007,0.4342980479379446
39.7,-0.5691480590026263,0.4125407949944005,0.04687511488017966,0.4364488303270556
39.8,-0.3642052463835214,0.4106978289798539,0.04801915263386692,0.43849489588642
39.9,-0.16040510458144527,0.40894102366942137,0.04918296206057484,0.4404375335545584
40.0,0.042193925271897165,0.4072689726574055,0.050366224197851944,0.4422780220002517
40.1,0.24354231918913857,0.40568026994595785,0.051568625162013694,0.44401762858529037
40.2,0.44359953483599124,0.40417351175387806,0.052789860282862915,0.44565760823442835
40.3,0.6423340386245818,0.40274729840595824,0.054029638699764564,0.4471992022138098
40.4,0.8397233040040166,0.4014002362977157,0.05528768809563673,0.44864363680934916
40.5,1.0357537870481852,0.4001309399251547,0.05656375950596887,0.4499921219036271
40.6,1.23042088633474,0.3989380339712599,0.05785763214801786,0.4512458494478053
40.7,1.4237288921545763,0.3978201554421729,0.059169118352012176,0.45240599182448815
40.8,1.615690933050043,0.39677595584738184,0.06049806855500909,0.4534737000966339
40.9,1.806328926687381,0.39580410342025657,0.06184437640258923,0.4544501021359049
41.0,1.9956735435904993,0.39490328537715114,0.06320798396754365,0.4553363006223242
41.1,2.183764192286323,0.39407221021576677,0.06458888713058412,0.4561333709046596
41.2,2.370649035386823,0.39330961005601833,0.06598714116607235,0.45684235870834855
41.3,2.556385046689082,0.39261424302964576,0.06740286659640421,0.4574642776743861
41.4,2.7410381203465444,0.39198489572806816,0.06883625538968492,0.45800010670870905
41.5,2.9246832440740853,0.39142038572157395,0.0702875775951751,0.4584507871170212
41.6,3.1074047487051706,0.39091956416756146,0.07175718855596387,0.45881721949380194
41.7,3.2892966509535606,0.3904813185298733,0.0732455367830724,0.45910026032833506
41.8,3.470463106097297,0.390104575434775,0.07475317264496835,0.4593007182850288
41.9,3.6510189888511824,0.389788303698359,0.07628075810721535,0.45941935010211443
42.0,3.8310906254654586,0.38953151756515214,0.07782907772946347,0.45945685604458586
42.1,4.010816703524249,0.3893332802062824,0.07939905118847385,0.45941387483377477
42.2,4.190349390860681,0.3891927075353009,0.08099174764952692,0.4592909779602797
42.3,4.369855701283577,0.38910897241140957,0.08260840237392335,0.4590886632679264
42.4,4.549519152106211,0.38908130931340146,0.08425043603398562,0.45880734767406123
42.5,4.729541762189407,0.38910901958622107,0.08591947740663211,0.4584473588611363
42.6,4.910146470786808,0.38919147738175014,0.08761738995393958,0.4580089257403209
42.7,5.0915800574690175,0.3893281364287638,0.08934630307373584,0.4574921674650853
42.8,5.274116661355613,0.38951853782237994,0.09110864929502523,0.4568970806818711
42.9,5.458062033542816,0.38976231904858,0.09290720863680732,0.45622352465970956
43.0,5.643758688835608,0.39005922451452874,0.09474516177147085,0.4554712038474189
43.1,5.831592147938287,0.39040911790822924,0.09662615412460823,0.45463964731762935
43.2,6.021998547555335,0.39081199682338835,0.09855437361943122,0.45372818436483947
43.3,6.215473979949124,0.3912680101116783,0.10053464458325134,0.4527359154711394
43.4,6.412585975376932,0.3917774786580226,0.10257254287240894,0.4516616774646103
43.5,6.61398773392762,0.39234092043910346,0.10467453780452472,0.4505040014032794
43.6,6.820435837582894,0.39295908090673326,0.10684816813724153,0.44926106140061683
43.7,7.032812441494389,0.393632970114806,0.10910226211195505,0.447930611954537
43.8,7.252153386514441,0.3943639082936234,0.11144721258197263,0.44650991081406893
43.9,7.4796840284164166,0.3951535823647701,0.1138953259883153,0.44499562306143625
44.0,7.7168655084947595,0.39600411685105613,0.11646127041631317,0.4433837003685817
44.1,7.965454656757121,0.3969181631733826,0.11916265380670969,0.4416692283776906
44.2,8.227582880521666,0.39789901340258377,0.1220207769155917,0.43984623141032453
44.3,8.505860977121545,0.3989507464517277,0.12506162380807692,0.4379074201956803
44.4,8.803521484401083,0.4000784201681049,0.12831719741445477,0.43584385840044104
44.5,9.12461255875414,0.4012883242803778,0.1318273245322055,0.4336445204208017
44.6,9.474264959547853,0.4025883153690523,0.1356421022383992,0.4312957010478258
44.7,9.859079487906047,0.4039882851721849,0.13982541871774565,0.4287801822180358
44.8,10.287674215823257,0.40550079512065196,0.14445983424884554,0.4260760909742505
44.9,10.771499038615719,0.40714198469258517,0.1496537849761751,0.4231552440069605
45.0,11.326074859223313,0.40893289117797876,0.1555522868448387,0.4199807037809899
45.1,11.972913325582882,0.41090140525054014,0.16235322630089583,0.4165030911935155
45.2,12.742604772859732,0.4130852765466683,0.17033299863115642,0.4126547963343746
45.3,13.679974315929789,0.41553689855527115,0.17988818893387404,0.4083405270196227
45.4,14.853021655572253,0.4183312228142362,0.19160572584850746,0.40342121643162393
45.5,16.36916228202447,0.4215794937863236,0.20638597389583202,0.3976851908979609
45.6,18.4062160761472,0.4254543962465224,0.22566832286768865,0.39079374094444463
45.7,21.27452554117075,0.4302389081620383,0.25186245507325766,0.3821738505528278
45.8,25.546103536882946,0.4364270458275239,0.2891964485283716,0.37080916223649785
45.9,32.31627620781551,0.44493868628360067,0.34531626609037197,0.35494030435746743
46.0,43.58736044754039,0.45754133129116514,0.43328809576212846,0.33247937613800743
46.1,61.62612284709125,0.4772427811012608,0.5668137953514111,0.3044894919142979
46.2,82.56293598046132,0.5065139980253692,0.7278985897882849,0.276112330057375
46.3,93.94793961097525,0.5421146299592674,0.8555817759302107,0.24996329401512327
46.4,95.16015579652588,0.5774301470176908,0.9270918761196401,0.22625350327412183
46.5,92.36976039740803,0.6092603735250056,0.9619344248841206,0.20480469320665498
46.6,88.11833759123057,0.6370030151455285,0.9782861919626393,0.18541854374718758
46.7,83.18612187557072,0.6607963072198159,0.9856070452513352,0.16791403686527537
46.8,77.93419739044074,0.6809676753790546,0.9882448379026749,0.152132237003496
46.9,72.57967168525998,0.6978897598007991,0.9880729798654867,0.13793721992115918
47.0,67.25737814391178,0.7119270611572066,0.9857762704239649,0.12521658068708244
47.1,62.0461907625164,0.7234128149811713,0.9814283182759443,0.11388181522584838
47.2,56.98638879928708,0.732640297529154,0.9747408531035084,0.10386822993208286
47.3,52.09195548453505,0.7398616227299186,0.965165096629502,0.09513370998481023
47.4,47.358249122456016,0.7452900683288904,0.9519267559634216,0.08765551337685303
47.5,42.764796236869174,0.7491033838572679,0.9340299626764073,0.08142459975792181
47.6,38.27290799632148,0.7514462669132378,0.9102398916074315,0.07643832141542013
47.7,33.81850417340168,0.7524307098607951,0.8790337173419417,0.07269441759548421
47.8,29.30207219617047,0.7521336418123807,0.8384936915095226,0.07019058187963093
47.9,24.58044034883383,0.7505926034298488,0.7861204256988318,0.06893259950099953
48.0,19.472241358145833,0.7478027275068453,0.7186204943447325,0.06895116554550294
48.1,13.809930140830822,0.7437236037089592,0.6320245891395131,0.07032676209942242
48.2,7.608092973665562,0.738313500965069,0.5233542271207056,0.07322030259046275
48.3,1.373424275472312,0.7316090043374748,0.39612194525458455,0.07787158132268045
48.4,-3.8274863787737208,0.7238204569453415,0.26778587493686296,0.08443634990803811
48.5,-7.178002860057022,0.7153252029487469,0.16365204323033594,0.0926714752554298
48.6,-8.869424526040639,0.7065092378539198,0.09532351017887379,0.10195414531439256
48.7,-9.584672553540505,0.6976311730909431,0.05651675624535611,0.11169337613674785
48.8,-9.840315856221952,0.6888214914974621,0.03610161450831087,0.12154001468449137
48.9,-9.896795681513005,0.6801367077318538,0.025758345175853518,0.13133079062337213
49.0,-9.867208325074253,0.671599479446339,0.02063573607420414,0.14099620236584032
49.1,-9.798718696872443,0.6632182031200289,0.018160623975291515,0.15050759986175732
49.2,-9.711084515071288,0.6549953607496776,0.01701888889670314,0.1598534638889518
49.3,-9.612761523109386,0.6469309577608028,0.016549542574984477,0.16902949693729138
49.4,-9.507465890073341,0.6390239494267661,0.016422012945899952,0.1780345121573479
49.5,-9.39687451664255,0.6312728461574039,0.01647125128384437,0.18686869860388128
49.6,-9.281762266954841,0.6236759774768972,0.016614860199850243,0.19553287005367884
49.7,-9.162494514854878,0.6162316102884684,0.016811711842311935,0.20402813044941168
49.8,-9.039246943868882,0.608938003084602,0.01704131920250958,0.21235572071774633
49.9,-8.912106748944025,0.6017934311689214,0.01729354657607413,0.22051694677715222
50.0,-8.78112048371896,0.5947961982361661,0.01756346784041045,0.22851314522189667
50.1,-8.646317627455817,0.5879446415169305,0.01784879030010808,0.2363456665393059
50.2,-8.507722322304236,0.5812371335854334,0.01814855846357782,0.2440158671681961
50.3,-8.365359626277945,0.5746720825936297,0.018462501190484405,0.2515251056263868
50.4,-8.219258679947108,0.5682479314989277,0.01879069821921789,0.2588747410584287
50.5,-8.069454687057734,0.5619631569598879,0.019133412989144914,0.2660661325196394
50.6,-7.91598982015664,0.555816267794251,0.019491003735789516,0.2731006391323398
50.7,-7.758913837653998,0.5498058033486927,0.019863878521970933,0.2799796203014142
50.8,-7.598284453847763,0.5439303317754468,0.020252471997944436,0.2867044359894303
50.9,-7.4341674528383495,0.538188448176608,0.020657231489710083,0.2932764471188865
51.0,-7.266636704557003,0.5325787727005192,0.02107860885246818,0.2996970159223246
51.1,-7.0957741552219025,0.5270999486452403,0.021517056399176022,0.30596750614193396
51.2,-6.921669705393517,0.5217506405063868,0.021973023493176,0.3120892832162074
51.3,-6.744421023645353,0.5165295320026793,0.022446953789136446,0.3180637143986511
51.4,-6.564133307594678,0.5114353240921327,0.02293928288054841,0.3238921687997757
51.5,-6.3809189930708445,0.5064667329844337,0.02345043610966695,0.3295760173606096
51.6,-6.1948974191721655,0.5016224881626205,0.023980826582867616,0.33511663275504766
51.7,-6.006194446375371,0.4969013304180387,0.02453085320523266,0.3405153892350636
51.8,-5.814942026208195,0.49230200990260187,0.025100898637497975,0.3457736624347426
51.9,-5.621277729148865,0.4878232842109898,0.025691327272556738,0.3508928291340157
52.0,-5.425344233373915,0.48346391650206677,0.026302483239774566,0.3558742669901099
52.1,-5.227288777175154,0.47922267366906973,0.026934688450016564,0.3607193542447486
52.2,-5.027262578235257,0.4750983245685014,0.027588240699409936,0.36542946941457427
52.3,-4.825420223300361,0.4710896383179649,0.028263411853263174,0.3700059909715233
52.4,-4.621919032107593,0.46719538267337685,0.028960446133464837,0.3744502970190072
52.5,-4.41691839971055,0.46341432249610226,0.02967955853303806,0.378763764968712
52.6,-4.210579121583827,0.4597452183205258,0.03042093338005272,0.3829477712217008
52.7,-4.003062706077795,0.45618682503238045,0.03118472307210253,0.3870036908564213
52.8,-3.794530677778102,0.45273789066473163,0.03197104703516217,0.3909328973298988
52.9,-3.585143877816807,0.4493971553232461,0.032779990936388836,0.3947367621876925
53.0,-3.3750617691748643,0.44616335025523357,0.033611606170413255,0.3984166547745926
53.1,-3.16444174837307,0.4430351970645727,0.03446590960025449,0.40197394195201314
53.2,-2.953438469154227,0.4400114070817068,0.03534288353629495,0.4054099878155282
53.3,-2.7422031821530237,0.4370906808964782,0.036242475854071685,0.4087261534058674
53.4,-2.5308830933129287,0.43427170805307724,0.03716460033777481,0.41192379641724197
53.5,-2.3196207480918765,0.4315531668770421,0.038109138827613034,0.4150042709443381
53.6,-2.108553461029859,0.42893372452514633,0.0390759426632888,0.4179689271320074
53.7,-1.8978127697900937,0.42641203722532794,0.04006483292345658,0.42081911077139356
53.8,-1.687523891294181,0.4239867506681864,0.04107559951636526,0.42355616289524584
53.9,-1.477805322818444,0.4216565003958171,0.04210801471099037,0.4261814195660946
54.0,-1.2687683514883281,0.4194199127289631,0.043161822312770506,0.4286962110891406
54.1,-1.0605166726972368,0.41727560553394694,0.04423674528739213,0.43110186163114983
54.2,-0.8531461268449992,0.41522218920835435,0.04533249517831393,0.43339968867105966
54.3,-0.6467443504610506,0.41325826793344933,0.04644876824921896,0.4355910022207488
54.4,-0.4413905346488627,0.41138244096495913,0.04758525040177376,0.4376771041142584
54.5,-0.23715524803612947,0.40959330406536715,0.048741622783651725,0.43965928719601854
54.6,-0.0341002935599619,0.40788945106921276,0.04991756626885159,0.44153883440494607
54.7,0.16772141860363182,0.40626947556341064,0.051112764500544285,0.4433170177654284
54.8,0.36826594456037176,0.4047319726559885,0.052326908397768886,0.44499509729966186
54.9,0.5674983386671097,0.4032755408346473,0.053559701152897606,0.446574319843187
55.0,0.7653926647704793,0.40189878390477646,0.054810862712699075,0.4480559177608709
55.1,0.9619319796272241,0.40060031299552673,0.05608013455131076,0.4494411075630498
55.2,1.1571082979051726,0.3993787486255507,0.05736728448457389,0.4507310884181766
55.3,1.3509225445531226,0.3982327228208227,0.05867211155673317,0.45192704055823274
55.4,1.5433845013353322,0.3971608812783819,0.059994451006705474,0.4530301235722483
55.5,1.7345127549777801,0.39616188557151205,0.0613341793241552,0.45404147458206084
55.6,1.9243346548635067,0.3952344153938421,0.06269121941777518,0.45496220629279044
55.7,2.1128862888178617,0.39437717084207463,0.06406554592698656,0.45579340490845777
55.8,2.3002124859189235,0.39358887473948945,0.06545719072583175,0.45653612790068454
55.9,2.4863668560764647,0.392868275005873,0.06686624868142999,0.4571914016146277
56.0,2.671411877961472,0.39221414708120267,0.06829288370031585,0.4577602186942836
56.1,2.8554190460799433,0.39162529641516686,0.069737335181217,0.45824353530345957
56.2,3.0384690899509312,0.39110056103828544,0.07119992497347587,0.45864226811388603
56.3,3.220652279731929,0.39063881423461344,0.07268106496319957,0.45895729102606275
56.4,3.4020688344033725,0.3902389673411031,0.07418126543625166,0.45918943158114517
56.5,3.582829450911277,0.3898999727044299,0.07570114439559512,0.45933946701365713
56.6,3.7630559755420387,0.38962082683270366,0.07724143804427092,0.4594081198846682
56.7,3.9428822424247874,0.3894005737872304,0.07880301268594767,0.45939605322291754
56.8,4.122455108433218,0.3892383088684268,0.08038687834496246,0.4593038650870489
56.9,4.3019357155845706,0.38913318266141217,0.08199420453313694,0.45913208244381504
57.0,4.481501028854893,0.38908440552119034,0.08362633851795911,0.45888115423328996
57.1,4.661345702402656,0.3890912525820885,0.08528482649918036,0.4585514434829955
57.2,4.841684330459799,0.38915306941158595,0.0869714385308607,0.45814321827617016
57.3,5.022754162470807,0.389269278443147,0.0886881979104622,0.4576566413532943
57.4,5.204818378792782,0.38943938635371916,0.09043741599817491,0.45709175807391844
57.5,5.388170046201008,0.38966299258802256,0.09222173367389729,0.456448482404157
57.6,5.573136886634648,0.38993979927575345,0.09404417108575697,0.4557265805217613
57.7,5.760087077808142,0.3902696228544782,0.09590818731083235,0.4549256515140192
57.8,5.949436316572927,0.3906524077421582,0.09781775205041825,0.45404510458966824
57.9,6.141656447236281,0.391088242571887,0.0997774329040701,0.453084131943453
58.0,6.337286070382454,0.39157737959159344,0.10179250200575674,0.4520416762509537
58.1,6.536943625469084,0.39212025796688726,0.10386906707038741,0.45091639153835245
58.2,6.741343632951874,0.3927175319947956,0.10601423374699968,0.44970659570700533
58.3,6.9513170572582395,0.39337010538615164,0.10823630642002899,0.4484102127107891
58.4,7.167836956798549,0.39407917332588654,0.11054504016401574,0.44702470144697765
58.5,7.392051173777931,0.39484627460704197,0.11295196008638897,0.4455469673778664
58.6,7.625324104595535,0.39567335650790464,0.11547076831453754,0.4439732522166611
58.7,7.869290890743748,0.39656285640821715,0.11811786728588386,0.4422989946469767
58.8,8.125928207520358,0.3975178050015759,0.12091303614584586,0.44051865344781305
58.9,8.39764857688222,0.3985419595678126,0.12388032598125928,0.43862547800208584
59.0,8.687426420036745,0.39963997659689804,0.12704924962987124,0.43661120936468983
59.1,8.998969215063997,0.4008176378531895,0.13045637733219884,0.4344656861810774
59.2,9.336954044256249,0.40208215144526605,0.1341475150818177,0.4321763158763452
59.3,9.707365378072005,0.40344256647820725,0.138180791615203,0.429727339608272
59.4,10.117962921444926,0.40491032394365456,0.142630849422046,0.42709884556395344
59.5,10.578994847624477,0.4065000656263797,0.1475952030341188,0.42426530240921967
59.6,11.10423816137712,0.4082307593042494,0.15320326565785486,0.4211934883373481
59.7,11.712613943408643,0.4101273748832032,0.15963018509678797,0.4178393546874047
59.8,12.430757779699961,0.4122234316775375,0.16711838092565284,0.41414316193826567
59.9,13.297234339013285,0.4145649798877113,0.17601195580135676,0.41002169392782106
60.0,14.369734239221188,0.41721708841392224,0.1868138599341161,0.40535521829947896
60.1,15.737914875899502,0.42027489372227056,0.20028458743774863,0.3999645813159561
60.2,17.547435401357472,0.4238833994716143,0.21761999492176204,0.39356882735276827
60.3,20.04727502303678,0.42827507703068607,0.24078617906600056,0.3857027814367738
60.4,23.68699949028606,0.4338456639763343,0.27317277207661794,0.3755537441656623
60.5,29.318614276790168,0.44131477645548217,0.3208653290054251,0.36167678689921295
60.6,38.55874406107561,0.45206017273719595,0.39470795928476665,0.3419134022415598
60.7,53.87462188662186,0.4686206920657727,0.510024002753197,0.31553765085334834
60.8,74.99213349637468,0.4941879534964359,0.6665282072657777,0.28676815794873156
60.9,91.13052692692361,0.5281643131072982,0.8135140594831727,0.2596822431545798
61.0,95.4280821304757,0.5641994174902393,0.9052686075433162,0.2350546671878053
61.1,93.68496153295368,0.5975192447352489,0.9515108195289745,0.2127639899886246
61.2,89.85645789065883,0.6268337551500784,0.9734394248817775,0.19261048656169327
61.3,85.1307416937917,0.6521091548404302,0.9835113646050392,0.17440542101624742
61.4,79.97002836946956,0.6736270274953765,0.9876297731266341,0.15798122576053078
61.5,74.63510147087919,0.6917515918901285,0.9884084706831283,0.1431930964237923
61.6,69.28843725501011,0.7068543345645352,0.986892918592571,0.12991956182752626
61.7,64.0280104273951,0.7192821051080757,0.9833494447703508,0.1180629335400102
61.8,58.90720501280323,0.7293439591743865,0.9776110929067409,0.10754946010341519
61.9,53.94893270184075,0.7373076600408053,0.9692223783389411,0.09832862846386112
62.0,49.15509127572878,0.7434010077640765,0.9574937667614961,0.09037080877822327
62.1,44.5112750337283,0.7478150151703198,0.9415152087615999,0.08366252725336008
62.2,39.98638836037671,0.7507068846975405,0.9201471121903392,0.07819955836288141
62.3,35.527181868117026,0.7522012882293571,0.8919858595460564,0.07397994296516619
62.4,31.048948379890618,0.7523890481474342,0.855282698793087,0.07100093027414224
62.5,26.42576556525083,0.7513233572790613,0.8077879960302035,0.06926366478584076
62.6,21.488420175847455,0.7490156209116141,0.7465311009912752,0.06878679535528473
62.7,16.052441961995363,0.7454370039279313,0.6677316808700949,0.06962824596473156
62.8,10.031922951406518,0.7405395458908225,0.5676424204152877,0.07191474767072095
62.9,3.7071564506631995,0.7343176488081511,0.4463333021321949,0.07586261274700554
63.0,-2.027404834305835,0.7269070825718601,0.31543282520442273,0.08169481496295182
63.1,-6.120711154570724,0.7186334274832326,0.19948426317371504,0.08935004558436474
63.2,-8.373651318668594,0.7099017363376386,0.11743999261986814,0.09831144061130967
63.3,-9.386263726112395,0.7010263187752723,0.06864296690582597,0.10793034163857969
63.4,-9.775530159342972,0.6921809651517729,0.04237165621596137,0.11776285354217891
63.5,-9.88934157959056,0.6834444842398641,0.028906306432805673,0.12758677675371988
63.6,-9.88478834483437,0.6748492805029024,0.0221831821162325,0.13730512189370317
63.7,-9.827896533089994,0.6664078065273814,0.01889967034818093,0.14687755106166467
63.8,-9.746194728431497,0.6581242293749965,0.017351019617369758,0.1562876535364899
63.9,-9.651356236946262,0.6499992638946508,0.01667610334989348,0.16552905604722323
64.0,-9.548458496808884,0.6420321671048479,0.016443601975672677,0.17459966908653743
64.1,-9.439770117034929,0.6342215764481411,0.01643808932554201,0.18349927848077582
64.2,-9.326330341382125,0.6265658715055785,0.016552020726927585,0.19222851326572532
64.3,-9.208625611778523,0.6190633344317411,0.016731706397043775,0.20078839096105275
64.4,-9.086888013055157,0.6117122229071733,0.01695037131692771,0.20918011152261728
64.5,-8.961230966354393,0.604510803907139,0.017194722753141215,0.21740496150402056
64.6,-8.831712956173716,0.597457369433066,0.017458243604760025,0.22546426836094238
64.7,-8.698368123356476,0.5905502435165451,0.017737835102111438,0.23335937860664377
64.8,-8.561221761958857,0.583787785141097,0.018032132341544736,0.24109164697673816
64.9,-8.420298022086294,0.5771683888576752,0.018340653121934537,0.24866243155712306
65.0,-8.275624272458046,0.570690484455857,0.01866336997703837,0.2560730913049867
65.1,-8.127233201990846,0.5643525358331598,0.019000488888485233,0.2633249854041147
65.2,-7.975164222195399,0.5581530396792455,0.019352338663181645,0.27041947296498564
65.3,-7.8194641830143725,0.5520905238852274,0.019719312706089513,0.2773579132135068
65.4,-7.660187702179626,0.5461635457737622,0.020101837021375916,0.28414166591631806
65.5,-7.497397445523041,0.5403706903363783,0.020500354824476003,0.2907720916436151
65.6,-7.331164205879103,0.5347105683701874,0.020915317230406558,0.29725055209660584
65.7,-7.161566866399575,0.5291818145550297,0.02134717719913869,0.3035784104130745
65.8,-6.9886922919430186,0.5237830854978345,0.021796385374177708,0.3097570314048046
65.9,-6.812635193995803,0.518513057785144,0.022263387688381,0.31578778166303373
66.0,-6.633497916403651,0.5133704260067373,0.022748623001074136,0.3216720296204238
66.1,-6.45139016306627,0.5083539007687234,0.023252520854144365,0.32741114555076545
66.2,-6.266428677163184,0.5034622067091843,0.023775499360065656,0.3330065015009873
66.3,-6.078736873596214,0.4986940805239236,0.02431796315082855,0.33845947116310027
66.4,-5.8884444264478555,0.49404826901030024,0.024880301353837477,0.34377142969430347
66.5,-5.695686813521488,0.4895235271376182,0.025462885582638636,0.3489437534936975
66.6,-5.5006048203631925,0.4851186161529766,0.026066067944062712,0.35397781994405303
66.7,-5.303344006528201,0.48083230173199115,0.026690179072666312,0.35887500712674175
66.8,-5.104054137214586,0.47666335218416955,0.027335526210029947,0.3636366935174934
66.9,-4.902888583735541,0.4726105367230775,0.0280023913513309,0.36826425766995546
67.0,-4.700003696628493,0.4686726238116937,0.028691029484971098,0.3727590778932015
67.1,-4.495558155497362,0.4648483795934729,0.029401666952993084,0.37712253192839557
67.2,-4.289712299951588,0.46113656641968576,0.03013449996051526,0.3813559966287147
67.3,-4.082627446231021,0.45753594148347015,0.030889693261381298,0.38546084764548266
67.4,-3.874465194283769,0.4540452555707814,0.03166737904438889,0.38943845912221464
67.5,-3.665386730180095,0.45066325193805473,0.032467656039162275,0.39329020339695525
67.6,-3.4555521287687445,0.44738866532587507,0.03329058885098609,0.39701745071195294
67.7,-3.2451196613511177,0.44422022111748305,0.034136207513846877,0.4006215689281777
67.8,-3.034245112762298,0.44115663464948696,0.0350045072451889,0.40410392324224303
67.9,-2.8230811101205227,0.43819661066394733,0.03589544890546825,0.40746587592739775
68.0,-2.611776476896594,0.43533884293427855,0.036808959810963056,0.41070878605175437
68.1,-2.4004756171025337,0.43258201407627317,0.03774493446181196,0.41383400915992247
68.2,-2.1893179202184583,0.429924795529213,0.03870323507141779,0.4168428969367115
68.3,-1.9784371862524681,0.42736584770313224,0.0396836918102051,0.4197367968565523
68.4,-1.7679611169841412,0.42490382019710743,0.040686109560545546,0.422517051942064
68.5,-1.5580108538083208,0.4225373523638046,0.041710268082985176,0.4251850002264621
68.6,-1.3487004452585925,0.4202650740284257,0.04275591567367816,0.42774197420379606
68.7,-1.1401365716963874,0.4180856061107864,0.043822788185857366,0.43018930057396726
68.8,-0.9324181267282871,0.4159975617404142,0.04491060130037694,0.4325282994602846
68.9,-0.7256358891395607,0.41399954735284905,0.046019053738360974,0.43476028380386755
69.0,-0.5198723096733056,0.4120901639141931,0.04714783533621275,0.43688655869583015
69.1,-0.31520129875228403,0.4102680083325467,0.04829663022742878,0.4389084205581018
69.2,-0.11168802936902966,0.40853167498805404,0.04946511859602985,0.4408271562497593
69.3,0.09061117990611099,0.40687975735697857,0.050652981945188406,0.4426440421137559
69.4,0.29164894745091713,0.4053108497457553,0.05185990777996306,0.4443603429219507
69.5,0.4913868780604165,0.4038235491186173,0.05308559415605515,0.44597731072445074
69.6,0.689795586520538,0.4024164570070184,0.054329754041334485,0.4474961836034721
69.7,0.8868546891850769,0.40108818149047853,0.05559212010146852,0.4489181843283794
69.8,1.082552775420381,0.3998373392403768,0.05687244949135061,0.4502445189084757
69.9,1.2768873640499407,0.3986625576187945,0.058170528714138,0.45147637503989096
70.0,1.4698648513500439,0.3975624768251587,0.05948617855124187,0.452614920442721
70.1,1.6615004575827474,0.396535752085936,0.060819259085792214,0.45366130108273
70.2,1.851818179978052,0.39558105588397563,0.062169674827216595,0.4546166392708511
70.3,2.040850760465394,0.39469708022631467,0.06353737996513914,0.4554820316317638
70.4,2.2286396770456967,0.393882538951677,0.0649223837919379,0.45625854693046347
70.5,2.4152351683710944,0.39313617008161167,0.06632475634478378,0.4569472237428606
70.6,2.6006963018601668,0.3924567382222233,0.06774463433177381,0.45754906795301625
70.7,2.7850910965870903,0.39184303702682893,0.06918222742174279,0.45806505005551584
70.8,2.968496713281946,0.39129389173363066,0.07063782499470113,0.45849610223664244
70.9,3.150999725136795,0.3908081617967264,0.07211180346951246,0.4588431152022829
71.0,3.3326964847979266,0.3903847436335651,0.07360463434830078,0.4591069347137275
71.1,3.513693604916712,0.3900225735172821,0.07511689314471243,0.45928835778468174
71.2,3.694108570299268,0.38972063064923684,0.07664926943784124,0.45938812848242777
71.3,3.874070508274423,0.3894779404545003,0.07820257822371471,0.4594069332646243
71.4,4.053721145374359,0.38929357814686105,0.07977777279813696,0.4593453957763511
71.5,4.233215979979693,0.3891666726274215,0.08137595960985515,0.45920407100514665
71.6,4.412725711317825,0.38909641078853574,0.08299841545212631,0.45898343867824715
71.7,4.592437972409668,0.3890820423101576,0.08464660747883518,0.45868389576107543
71.8,4.772559425139778,0.38912288505376114,0.08632221664009128,0.45830574788590056
71.9,4.953318287832646,0.3892183311800448,0.08802716526988763,0.4578491995043062
72.0,5.134967373308185,0.38936785414571123,0.08976364985679071,0.4573143425091087
72.1,5.317787767581068,0.38957101676592126,0.09153417982551773,0.45670114301592885
72.2,5.502093277175283,0.38982748055410305,0.09334162365105085,0.45600942595265886
72.3,5.688235813329316,0.3901370166403323,0.09518926431487469,0.455238856955844
72.4,5.876611939472113,0.3904995186154539,0.09708086617182442,0.45438892099122613
72.5,6.067670861558101,0.39091501773673837,0.09902075601359228,0.45345889696477965
72.6,6.261924190115202,0.39138370103697484,0.10101392209399333,0.452447827410434
72.7,6.45995801405177,0.3919059330333323,0.10306613504988874,0.45135448206570544
72.8,6.662447851425017,0.39248228186488415,0.10518409654307877,0.4501773139210691
72.9,6.870177323088428,0.3931135510973498,0.10737562423482713,0.44891440562531665
73.0,7.084061642039715,0.3938008186656948,0.10964988330556018,0.4475634037106606
73.1,7.305177268763528,0.394545484827633,0.11201767835841148,0.44612143739628524
73.2,7.534799913671915,0.3953493316996842,0.11449182298473191,0.4445850174727658
73.3,7.774453491466178,0.3962145977342139,0.11708761252839354,0.4429499093848384
73.4,8.025974224431861,0.3971440723707013,0.1198234393880212,0.44121097130187903
73.5,8.291594770856388,0.3981412166724849,0.1227215971076612,0.4393619467978908
73.6,8.574056579299427,0.3992103189449625,0.12580934158328388,0.43739519596689835
73.7,8.876761795372776,0.40035669792194456,0.12912031037600402,0.43530134218225996
73.8,9.203983647874578,0.4015869746415351,0.13269647377108834,0.433068795986782
73.9,9.561157573771101,0.4029094350920877,0.1365908039545037,0.4306831145656637
74.0,9.955292424561154,0.4043345221746308,0.14087098712821605,0.4281261245440929
74.1,10.395587041420402,0.40587554482912686,0.1456249278668039,0.4253746420255722
74.2,10.894305449932183,0.4075496421053325,0.15096842310828917,0.4223987093002389
74.3,11.468158362033394,0.4093792420143352,0.15705707824976042,0.41915888381725225
74.4,12.140438784132895,0.4113942135076994,0.16410433604749516,0.41560216123668214
74.5,12.944490571761134,0.4136352040992436,0.1724100876210801,0.41165551118783433
74.6,13.929543837697567,0.4161589968391498,0.1824075533220356,0.4072152285287031
74.7,15.170946739736413,0.4190474707348055,0.19474296551367332,0.4021285829021201
74.8,16.788955399947042,0.42242333162748813,0.21041673609854145,0.39616054991050736
74.9,18.98500772454808,0.42647929808336804,0.2310447756287597,0.38893028057868345
75.0,22.115242113148653,0.4315356537682597,0.2593628087638014,0.3797851290246629
75.1,26.843660520171085,0.438160237282277,0.3002175164826426,0.3675615896124563
75.2,34.443559331856996,0.44742378078881956,0.36236888774592463,0.35031591935707274
75.3,47.141695217732355,0.46136927346181134,0.4600883128716801,0.326255931138848
75.4,66.65919657188343,0.4832011102909894,0.6038012255211956,0.2977206350524055
75.5,86.39421062431677,0.5145002483904567,0.7626086331233125,0.26977475011029856
75.6,94.86690990676664,0.5505497702269105,0.8767647958796835,0.24420586810638076
75.7,94.71942308380878,0.5851971221328345,0.9376441356508455,0.22104288648164805
75.8,91.46734167890133,0.6160845066617013,0.9669257053395817,0.2000936927889798
75.9,87.01207553247204,0.6428836397379375,0.9805773824009686,0.18116295303870855
76.0,81.98007434955183,0.6658007662006723,0.9865413676525696,0.16407465000610025
76.1,76.68836052345172,0.6851814322208674,0.9884153654136235,0.1486751741487322
76.2,71.3316114557081,0.7013996148686821,0.987715985133805,0.13483405383421881
76.3,66.02974907030861,0.7148139113982214,0.9849504856633216,0.12244444284288995
76.4,60.851313389342906,0.7257486693191832,0.9800933030456315,0.11142343635811124
76.5,55.829527766260405,0.7344875054352072,0.9727897075827616,0.10171178421627516
76.6,50.97352161539113,0.7412732104173243,0.9624366924735719,0.0932722724068821
76.7,46.27489856214097,0.7463104965574135,0.9482087051237488,0.0860859555207353
76.8,41.70933907073439,0.7497692543043619,0.929056524819699,0.08014595790198077
76.9,37.23302191291226,0.7517866274825806,0.9036841264579307,0.07545012718459057
77.0,32.7745330007676,0.7524667446774136,0.8704888581552662,0.07199594487635654
77.1,28.224683719146523,0.7518777701733675,0.8274368425902394,0.06978192974919609
77.2,23.429960176465766,0.7500474568525693,0.7718598095331866,0.06881787974847861
77.3,18.204696496245568,0.7469613862621933,0.7002683504773369,0.06914357855743514
77.4,12.40276873035155,0.7425743083268934,0.6086748456298056,0.07085556451572478
77.5,6.123580176489361,0.7368539399883421,0.49494344049949285,0.0741364870276291
77.6,0.024226423680620682,0.7298702515096809,0.36532512142167833,0.07923016208943387
77.7,-4.784088708763039,0.7218796352631253,0.24053659755224904,0.08622526536662158
77.8,-7.696942268264776,0.7132786597533586,0.14453107217343866,0.0947662626279744
77.9,-9.099685431657411,0.7044306874919423,0.08404907457142238,0.10419999060897578
78.0,-9.672327774422245,0.6955606260133115,0.05047842922940652,0.11398691849183201
78.1,-9.865444740420328,0.6867768686236468,0.03301463929566705,0.12383043404292719
78.2,-9.89509858470547,0.6781253337033655,0.02421911379025528,0.13359608428485056
78.3,-9.85362871114069,0.6696241574744023,0.019884782145543387,0.14322724343824256
78.4,-9.779485152936799,0.661279862373416,0.017807003106693323,0.15270067844605603
78.5,-9.688841184422353,0.6530941492772525,0.016865351316601978,0.16200714201009186
78.6,-9.588660307109434,0.6450666934664523,0.01649733536363412,0.17114330730029828
78.7,-9.482022232855746,0.6371963098281677,0.016421823189513827,0.18010841310647588
78.8,-9.370324858110141,0.6294814504190648,0.016498461973325045,0.18890284015562459
78.9,-9.254217375179563,0.6219204228435156,0.016657182046572055,0.1975274906760885
79.0,-9.134007275289761,0.6145114886872426,0.016863016339966723,0.2059835101856321
79.1,-9.00984324983265,0.6072529088260255,0.01709856430428504,0.21427215933342686
79.2,-8.881799895069742,0.6001429644763171,0.01735524163218427,0.2223947534690794
79.3,-8.749918332178144,0.5931799669189542,0.01762890545048563,0.23035263344466125
79.4,-8.614225959080214,0.5863622615440944,0.01791765942305645,0.23814715173518805
79.5,-8.474746789787634,0.5796882293105112,0.01822075134596448,0.2457796654478495
79.6,-8.331506551962162,0.5731562865680979,0.018538012996339063,0.25325153343704093
79.7,-8.18453573608466,0.5667648843100274,0.018869578882622123,0.2605641148079718
79.8,-8.03387108235451,0.5605125068472714,0.019215740003303974,0.2677187686736638
79.9,-7.879556483418605,0.5543976702834696,0.019576868994020145,0.2747168542430531
80.0,-7.721643570331267,0.5484189208865361,0.01995338229680489,0.2815597310050587
80.1,-7.560191932256154,0.5425748332790797,0.02034571835626634,0.2882487591496456
80.2,-7.395269221409615,0.5368640085768371,0.020754325633750834,0.29478529994316893
80.3,-7.226951215384588,0.5312850725252046,0.02117965664632514,0.3011707159654677
80.4,-7.055321743746979,0.5258366735647662,0.021622163464984374,0.3074063713571715
80.5,-6.88047254647424,0.5205174808695389,0.02208229441326392,0.31349363199736757
80.6,-6.702503072518834,0.5153261823662968,0.0225604913491414,0.3194338656091518
80.7,-6.521520234545621,0.5102614827534006,0.02305718750351168,0.32522844177685917
80.8,-6.337638116049508,0.5053221015228578,0.02357280554182963,0.3308787318872829
80.9,-6.150977620659295,0.5005067709809781,0.0241077554794803,0.336386109024536
81.0,-5.961666075582432,0.49581423428365085,0.024662432627913317,0.34175194781048407
81.1,-5.769836791631242,0.49124324349498016,0.02523721556352123,0.34697762419819245
81.2,-5.575628582033741,0.4867925576780483,0.02583246411656782,0.35206451522686144
81.3,-5.379185242595039,0.48246094102702364,0.026448517387794947,0.3570139987465694
81.4,-5.180654996146515,0.4782471610502514,0.027085691807413985,0.36182745312072856
81.5,-4.980189904582942,0.4741499868143633,0.02774427925616897,0.3665062569135246
81.6,-4.777945252126651,0.4701681872596796,0.02842454527153341,0.3710517885688887
81.7,-4.574078903772013,0.466300529597401,0.029126727364012964,0.37546542608658534
81.8,-4.368750643140294,0.46254577779912825,0.029851033468965865,0.3797485466999862
81.9,-4.162121494209534,0.4589026911891962,0.030597640558096786,0.38390252655893786
82.0,-3.9543530315655553,0.45537002315014674,0.031366693431316164,0.3879287404198655
82.1,-3.745606683923007,0.4519465199513412,0.03215830370264304,0.39182856134396005
82.2,-3.5360430355706858,0.4486309197095025,0.03297254900444551,0.39560336040439487
82.3,-3.3258211282689323,0.4454219514818415,0.03380947257136101,0.3992545064130144
82.4,-3.1150977750781457,0.4423183345150902,0.03466908310449209,0.40278336563971695
82.5,-2.9040268898981245,0.43931877765514343,0.035551354884981234,0.40619130152624006
82.6,-2.6927588331745937,0.4364219789167488,0.036456228101571536,0.40947967439769334
82.7,-2.481439777932795,0.4336266252244467,0.03738360914553606,0.41264984115742814
82.8,-2.2702110984383523,0.43093139230891603,0.038333371444442106,0.41570315498801325
82.9,-2.059208798463748,0.4283349447339306,0.03930535897018594,0.4186409650870301
83.0,-1.8485629911629844,0.42583593618112947,0.04029938753438657,0.4214646162473542
83.1,-1.6383973618435392,0.4234330099398528,0.04131524140359979,0.42417544835796456
83.2,-1.4288287373031794,0.4211247993410011,0.04235268373006089,0.42677479617878245
83.3,-1.219966689748436,0.41890992859719867,0.04341145689587823,0.42926398871202315
83.4,-1.0119130999085681,0.4167870137444985,0.04449127969741451,0.43164434861248974
83.5,-0.8047618914415007,0.41475466362633284,0.045591857766762146,0.43391719167927606
83.6,-0.5985987610532292,0.4128114811307082,0.04671288628896171,0.43608382612397645
83.7,-0.3935009059140617,0.4109560645568216,0.04785405009469341,0.43814555177735803
83.8,-0.18953685255983632,0.4091870090711487,0.049015029480461596,0.4401036592681447
83.9,0.013233674963549437,0.40750290829480984,0.05019550504974658,0.441959429093412
84.0,0.2147598565961157,0.405902356002462,0.051395161895919694,0.44371413059407444
84.1,0.41499984845569826,0.4043839479182251,0.05261369354074178,0.4453690208385667
84.2,0.6139208121681556,0.40294628359275503,0.053850806661230426,0.44692534341648876
84.3,0.8114989167927663,0.4015879683577366,0.055106225803146995,0.4483843271319381
84.4,1.007719317547137,0.4003076153466038,0.056379698155480905,0.44974718459586066
84.5,1.2025761172326328,0.39910384757306766,0.05767099838346526,0.4510151107140434
84.6,1.3960723165400823,0.3979753000601513,0.05897993353557716,0.4521892810668602
84.7,1.5882197602552341,0.39692062201393596,0.06030634802922135,0.45327085017588653
84.8,1.7790390868638668,0.39593847903796703,0.06165012873123347,0.45426094965115627
84.9,1.9685596896559883,0.3950275553862956,0.06301121015644542,0.4551606862111105
85.0,2.156819697986598,0.3941865562554367,0.06438957981906013,0.4559711395651007
85.1,2.3438659880048935,0.39341421011810945,0.06578528378257244,0.4566933601456557
85.2,2.5297542328747746,0.3927092711045297,0.06719843246742307,0.4573283666744925
85.3,2.714549003359263,0.39207052144022925,0.06862920678984546,0.4578771435424466
85.4,2.898323930053901,0.3914967739529717,0.07007786473646596,0.4583406379789149
85.5,3.0811619407127755,0.390986874666352,0.07154474848097173,0.45871975697992595
85.6,3.2631555888130688,0.3905397054993568,0.07303029211827294,0.45901536396119935
85.7,3.444407488249194,0.39015418709939736,0.07453503023109527,0.459228275091123
85.8,3.625030873576551,0.3898292818410154,0.07605960746018096,0.4593592552513213
85.9,3.8051503078957727,0.3895639970292317,0.07760478929484442,0.459409013562017
86.0,3.9849025641971405,0.38935738835462436,0.07917147434615351,0.45937819839662386
86.1,4.164437710779827,0.38920856365669443,0.0807607084165531,0.459267391794782
86.2,4.343920437437131,0.3891166870634439,0.08237370074322203,0.4590771031645189
86.3,4.5235316645911094,0.3890809835876805,0.08401184288837218,0.45880776214351404
86.4,4.703470485207188,0.3891007442823492,0.08567673092588736,0.45845971045396433
86.5,4.883956519646162,0.3891753320640276,0.08737019128220459,0.45803319257162484
86.6,5.065232752930485,0.38930418834723096,0.08909431124793156,0.45752834497578077
86.7,5.247568956118494,0.3894868406683079,0.0908514752219854,0.456945183685657
86.8,5.431265819665187,0.3897229115088852,0.09264440790262694,0.45628358973489763
86.9,5.616659958118589,0.39001212858045387,0.0944762260147597,0.4555432921483786
87.0,5.804129965730214,0.3903543368855732,0.09635050070286492,0.4547238478950098
87.1,5.99410380979699,0.3907495129716601,0.09827133293904085,0.4538246181156968
87.2,6.187067884194552,0.39119778182526854,0.10024344465624248,0.4528447398672794
87.3,6.383578136603666,0.3916994370910709,0.10227229044856283,0.451783092226944
87.4,6.584273848880723,0.39225496543279614,0.10436419511233115,0.4506382553635015
87.5,6.789894749870525,0.3928650760269066,0.10652652401166204,0.449408460881002
87.6,7.0013024684188565,0.39353073658287346,0.10876789579002788,0.4480915310392307
87.7,7.21950764657975,0.3942532174725299,0.11109844785779265,0.44668480409880024
87.8,7.445704480303606,0.3950341464533058,0.11353017322867712,0.44518504149111954
87.9,7.681315225535816,0.39587557718613364,0.11607735205514619,0.44358831121506903
88.0,7.928047731095122,0.3967800754110303,0.11875710776078093,0.4418898406501218
88.1,8.187971077360228,0.39775082848730814,0.12159012932235172,0.44008382863664613
88.2,8.463615983219642,0.3987917861529904,0.12460162158336432,0.43816320279318827
88.3,8.758110674297926,0.39990784485529957,0.12782258221004725,0.4361192998448226
88.4,9.075365606970612,0.4011050900483757,0.13129152399082444,0.4339414425324992
88.5,9.420327453014794,0.40239111663166266,0.13505680617029026,0.4316163756574817
88.6,9.799346258180384,0.4037754753870441,0.13917997779930164,0.4291274729941396
88.7,10.220691696832539,0.4052702752734257,0.14374039077572673,0.4264536553057631
88.8,10.695322123404859,0.40689104675827653,0.14884202412050515,0.4235678203664476
88.9,11.238044905716981,0.4086579853450679,0.15462352519081665,0.4204345459853033
89.0,11.869308839669644,0.4105977903410711,0.1612734735859395,0.41700663339454774
89.1,12.618073712744868,0.41274647795964786,0.16905429574203404,0.4132197078828319
89.2,13.526573732333736,0.41515383305852804,0.17834092696397527,0.4089834611257954
89.3,14.65852202223478,0.4178907240092128,0.1896855067143989,0.40416684647897805
89.4,16.113908944854796,0.42106170168586876,0.2039301629602222,0.3985717622072715
89.5,18.057034930560185,0.42482787939156297,0.22241240610432933,0.39188373903056334
89.6,20.772284765503077,0.4294509627383481,0.247355352504334,0.38357525196502107
89.7,24.779707145259174,0.43538330287016047,0.28263358339330485,0.37271544805802725
89.8,31.07202271472984,0.4434596588851094,0.33524059299039455,0.3576698105795076
89.9,41.49846461233037,0.4552846631171342,0.4173786062914815,0.33627268864140725
90.0,58.48495414184569,0.47369468272146575,0.5438429925191325,0.30881603193530466
90.1,79.74867589744272,0.5015468867881138,0.7043051306637681,0.2802302395396886
90.2,93.05271564824596,0.53664320871781,0.8401747013433899,0.2537120063335654
90.3,95.341081040481,0.5723060806816944,0.9192460132863268,0.22964731458533091
90.4,92.91138104958314,0.6047317093642173,0.9582022841245836,0.20787356066541793
90.5,88.81113429451163,0.6330878358850678,0.9765573562776979,0.1881912348982885
90.6,83.95305504917141,0.6574558325838715,0.9848726080847174,0.17041622203632958
90.7,78.73274246494552,0.6781478506666213,0.988054179110047,0.15438620081333576
90.8,73.38329811445729,0.6955342422673034,0.9882408338450418,0.13996177091389217
90.9,68.0499091004741,0.7099826928553675,0.9862475614770733,0.12702697918491518
91.0,62.81861400387266,0.7218319471440112,0.982218642509481,0.1154897330273658
91.1,57.734594453088555,0.7313814954481971,0.9759113246222964,0.10528181666455336
91.2,52.815179701116804,0.7388895448055569,0.9668126272940736,0.0963578829416756
91.3,48.0582211623151,0.7445750014911945,0.9541812797708195,0.08869259194942548
91.4,43.44564400591435,0.7486207601476766,0.9370551899999569,0.08227530145707905
91.5,38.941842318903426,0.7511764004735455,0.9142374593901431,0.0771028694267338
91.6,34.487146099520864,0.7523589124860535,0.8842534772485832,0.0731731894071868
91.7,29.988002304526777,0.752250738474025,0.8452546133541828,0.07048366794125484
91.8,25.30799194608543,0.7508956174742375,0.7948433007155662,0.06903800568440069
91.9,20.269897343696723,0.7482949992983433,0.7298535220981908,0.06886178002305125
92.0,14.697211136633657,0.7444125540999129,0.6463716609091752,0.07002610095683458
92.1,8.55979575577759,0.7392028672026966,0.5410394100884469,0.07267815858939229
92.2,2.2714975709127048,0.7326841353963717,0.41586610741507896,0.0770505035910531
92.3,-3.1563508221283283,0.7250369970009359,0.286045150358485,0.08333138616026832
92.4,-6.796178594773371,0.7166212550863482,0.17701235619637004,0.09135066418649512
92.5,-8.69438403839161,0.7078333354337477,0.1034140854444698,0.1005189908373388
92.6,-9.515896148445943,0.6989538587931166,0.060908564708168536,0.11021791815423772
92.7,-9.818755698023832,0.6901292125970155,0.03836162958544074,0.12006217841472681
92.8,-9.895478427239723,0.6814238494577589,0.026889954383871498,0.1298672504511821
92.9,-9.87477563485336,0.672863859472049,0.021190523053577656,0.13955391006592302
93.0,-9.810442559914014,0.6644590646941313,0.01842433551789515,0.14908939377627137
93.1,-9.724965725528966,0.6562125401812947,0.017136073806312335,0.1584604596924304
93.2,-9.627933277038814,0.6481245415544131,0.01659263824354703,0.1676620771772733
93.3,-9.523542028324359,0.6401941305639856,0.016427206035556325,0.1766927395094477
93.4,-9.41367860482138,0.6324198623102395,0.01645660648041445,0.18555249233169166
93.5,-9.299211891578777,0.6248000836733485,0.016589397027239276,0.1942420835285014
93.6,-9.180550428633698,0.6173330665117536,0.01677993065976613,0.20276258616499085
93.7,-9.057890068892752,0.610017068553273,0.01700545706506671,0.21111522649326075
93.8,-8.931327369827352,0.6028503616474481,0.017254703827222308,0.21930130351215388
93.9,-8.800913075907102,0.5958312448210753,0.017522171586140646,0.22732215060845296
94.0,-8.666678327194004,0.5889580501504653,0.017805277391821726,0.23517911682154152
94.1,-8.528647551014322,0.5822291448809139,0.018102917577034357,0.24287355806992164
94.2,-8.386845433810084,0.5756429318937726,0.01841474520763977,0.25040683270252134
94.3,-8.241300376785425,0.5691978490248563,0.018740801118321288,0.25778029983590484
94.4,-8.092046569030117,0.5628923679726383,0.019081327667159694,0.2649953186138913
94.5,-7.939125134265403,0.5567249928776594,0.01943667304977444,0.2720532481186539
94.6,-7.782584665375985,0.5506942586350675,0.019807239624971468,0.2789554477301029
94.7,-7.622481660983731,0.5447987292017898,0.020193458793684022,0.2857032773549009
94.8,-7.458880700870853,0.5390369957784946,0.020595776643927564,0.29229809777411475
94.9,-7.291854465120302,0.5334076749083277,0.021014645015443183,0.29874127101233167
95.0,-7.121483694057273,0.5279094065528963,0.021450516256558815,0.3050341606111834
95.1,-6.947857106678175,0.522540852164896,0.021903840250186286,0.3111781317833913
95.2,-6.7710712241764375,0.5173006927174313,0.02237506160802025,0.3171745515399502
95.3,-6.591230137668615,0.5121876267207706,0.02286461725984221,0.3230247887443594
95.4,-6.408445225673469,0.5072003682359708,0.023372934270413787,0.3287302140943523
95.5,-6.222834823086038,0.5023376448926118,0.023900427761790754,0.33429220003806726
95.6,-6.034523843123408,0.49759819591792276,0.02444749887510827,0.3397121206330923
95.7,-5.843643356491533,0.4929807701880131,0.02501453280179258,0.34499135135239245
95.8,-5.650330126310734,0.4884841243060327,0.02560189677660204,0.35013126885157275
95.9,-5.454726102364552,0.4841070207170188,0.026209938072924654,0.3551332507048411
96.0,-5.256977878642562,0.47984822587011416,0.026838982038047392,0.35999867511546096
96.1,-5.057236117295689,0.4757065084380241,0.027489330185064557,0.36472892060826695
96.2,-4.8556549424740405,0.4716806376039203,0.028161258361734543,0.36932536571109315
96.3,-4.6523913078410954,0.46776938142619745,0.02885501501846362,0.3737893886311225
96.4,-4.447604341848596,0.4639715052916147,0.02957081959795569,0.3781223669311413
96.5,-4.24145467490948,0.4602857704668239,0.030308861075433468,0.38232567721060584
96.6,-4.034103752161824,0.4567109327569154,0.031069296672863872,0.38640069479630873
96.7,-3.8257131390484247,0.4532457412850192,0.03185225080128515,0.39034879343834056
96.8,-3.616443823478486,0.44988893740076913,0.032657814238898644,0.3941713450145974
96.9,-3.4064555193786785,0.44663925372649543,0.033486043553334933,0.3978697192427258
97.0,-3.195905976717832,0.44349541334990017,0.034336960770429394,0.4014452833965613
97.1,-2.9849503025701476,0.44045612917121096,0.0352105532532693,0.4048994020227882
97.2,-2.773740296973513,0.43752010341158515,0.036106773716462745,0.4082334366532586
97.3,-2.5624238064607967,0.43468602726237515,0.03702554124031933,0.4114487455452323
97.4,-2.3511441105921675,0.4319525807143359,0.037966742775788,0.41454668338975975
97.5,-2.1400393449775437,0.42931843258829167,0.03893023404076177,0.4175286009560325
97.6,-1.929241937488733,0.4267822407461408,0.03991583911634632,0.4203958446985063
97.7,-1.7188780805698674,0.42434265239001534,0.04092335361415299,0.4231497564517395
97.8,-1.5090673168239093,0.4219983045214546,0.04195255365428044,0.4257916730879595
97.9,-1.2999220122564998,0.41974782482335893,0.04300318389019162,0.4283229257727819
98.0,-1.0915470293098248,0.4175898323335659,0.044074972001939994,0.43074483968585064
98.1,-0.8840394122120021,0.4155229384853002,0.04516763194484072,0.4330587333738334
98.2,-0.6774880262719374,0.413545748316626,0.046280860618459874,0.43526591801377273
98.3,-0.4719733319866709,0.41165686172666877,0.047414344940153945,0.4373676967339896
98.4,-0.2675672059299251,0.4098548748928159,0.048567767303543306,0.4393653638065515
98.5,-0.06433277094486171,0.40813838183030055,0.049740808488030336,0.44126020373107755
98.6,0.1376757326795313,0.4065059760498487,0.05093315113354958,0.4430534902477302
98.7,0.33841301989578415,0.40495625231195265,0.05214448469317874,0.4447464852646025
98.8,0.5378427990519244,0.40348780847362475,0.05337451027036094,0.44634043768618803
98.9,0.735937788687944,0.4020992474155165,0.05462294499654165,0.4478365821440688
99.0,0.9326797038735241,0.40078917903832356,0.05588952681835891,0.4492361376282847
99.1,1.1280592237266702,0.39955622232009796,0.057174019296900885,0.45054030601573514
99.2,1.322075945221064,0.39839900742669393,0.05847621648481195,0.45175027049194055
99.3,1.5147383301412765,0.39731617786894796,0.05979594787962904,0.45286719386169033
99.4,1.7060636524758626,0.39630639270181095,0.06113308346560641,0.45389221674293084
99.5,1.8960779539079342,0.39536832876266753,0.06248753887174262,0.45482645563656066
99.6,2.0848160162027773,0.39450068294841745,0.06385928066334425,0.4556710008627262
99.7,2.272321359571168,0.39370217453260015,0.0652483318045976,0.4564269143524367
99.8,2.458646276432389,0.39297154752760843,0.06665477736144808,0.4570952272793655
99.9,2.6438519112404335,0.39230757309960795,0.06807877050586943,0.4576769375136407
100.0,2.828008391450551,0.39170905205002915,0.06952053909792405,0.4581730068709739
